,Date,PM_Concentration
1,1/1/2020,0.8
2,1/2/2020,1.2
3,1/3/2020,1.1
4,1/4/2020,1.3
5,1/5/2020,1.4
6,1/6/2020,0.4
7,1/7/2020,0.9
8,1/8/2020,0.8
9,1/9/2020,2.9
10,1/10/2020,2
11,1/11/2020,1
12,1/12/2020,0.8
13,1/13/2020,1.4
14,1/14/2020,2.5
15,1/15/2020,1.4
16,1/16/2020,1.9
17,1/17/2020,3.3
18,1/18/2020,1.1
19,1/19/2020,1.2
20,1/20/2020,1.2
21,1/21/2020,1.4
22,1/22/2020,0.9
23,1/23/2020,0.9
24,1/24/2020,1.2
25,1/25/2020,1.6
26,1/26/2020,2
27,1/27/2020,1.2
28,1/28/2020,1.2
29,1/29/2020,1.7
30,1/30/2020,1.7
31,1/31/2020,1.1
32,2/1/2020,1.1
33,2/2/2020,2
34,2/3/2020,1.9
35,2/4/2020,2
36,2/5/2020,1.5
37,2/6/2020,1.1
38,2/7/2020,1.3
39,2/8/2020,1.6
40,2/9/2020,2
41,2/10/2020,2
42,2/11/2020,2.2
43,2/12/2020,1.8
44,2/13/2020,1.5
45,2/14/2020,0.9
46,2/15/2020,1.1
47,2/16/2020,1.2
48,2/17/2020,1.6
49,2/18/2020,2.3
50,2/19/2020,1.6
51,2/20/2020,1.7
52,2/21/2020,2.5
53,2/22/2020,3.1
54,2/23/2020,2.7
55,2/24/2020,2
56,2/25/2020,2.7
57,2/26/2020,2.5
58,2/27/2020,2.5
59,2/28/2020,1.8
60,2/29/2020,1.2
61,3/1/2020,1.7
62,3/2/2020,1.5
63,3/3/2020,1.2
64,3/4/2020,1.6
65,3/5/2020,2.6
66,3/6/2020,3.6
67,3/7/2020,2.7
68,3/8/2020,1.6
69,3/9/2020,2.2
70,3/10/2020,3.2
71,3/11/2020,1.7
72,3/12/2020,1.9
73,3/13/2020,2.3
74,3/14/2020,3.1
75,3/15/2020,3.9
76,3/16/2020,4.4
77,3/17/2020,4.7
78,3/18/2020,5.4
79,3/19/2020,5.2
80,3/20/2020,4.9
81,3/21/2020,5
82,3/22/2020,3.2
83,3/23/2020,2.2
84,3/24/2020,1.5
85,3/25/2020,1.8
86,3/26/2020,2.3
87,3/27/2020,3.6
88,3/28/2020,1.9
89,3/29/2020,1.2
90,3/30/2020,0.8
91,3/31/2020,0.8
92,4/1/2020,1.3
93,4/2/2020,1.8
94,4/3/2020,1.4
95,4/4/2020,1.3
96,4/5/2020,1.6
97,4/6/2020,2
98,4/7/2020,3
99,4/8/2020,3.8
100,4/9/2020,3.6
101,4/10/2020,2.8
102,4/11/2020,2.2
103,4/12/2020,2.3
104,4/13/2020,2.9
105,4/14/2020,2.4
106,4/15/2020,1.7
107,4/16/2020,1.8
108,4/17/2020,2.8
109,4/18/2020,2.7
110,4/19/2020,2
111,4/20/2020,2.8
112,4/21/2020,2.6
113,4/22/2020,2
114,4/23/2020,1.2
115,4/24/2020,1.5
116,4/25/2020,1.8
117,4/26/2020,2.2
118,4/27/2020,2.2
119,4/28/2020,2
120,4/29/2020,2
121,4/30/2020,1.5
122,5/1/2020,2.2
123,5/2/2020,2.5
124,5/3/2020,1.1
125,5/4/2020,1.7
126,5/5/2020,2.2
127,5/6/2020,1.5
128,5/7/2020,1.2
129,5/8/2020,1.8
130,5/9/2020,2
131,5/10/2020,2
132,5/11/2020,2.4
133,5/12/2020,1.9
134,5/13/2020,0.5
135,5/14/2020,0.8
136,5/15/2020,1.3
137,5/16/2020,1.4
138,5/17/2020,1.1
139,5/18/2020,1.7
140,5/19/2020,1.8
141,5/20/2020,0.8
142,5/21/2020,0.9
143,5/22/2020,0.7
144,5/23/2020,1.2
145,5/24/2020,1.5
146,5/25/2020,2.1
147,5/26/2020,1.4
148,5/27/2020,1.8
149,5/28/2020,2.7
150,5/29/2020,3.6
151,5/30/2020,3.8
152,5/31/2020,0.9
153,6/1/2020,1.7
154,6/2/2020,2.1
155,6/3/2020,1.4
156,6/4/2020,2.2
157,6/5/2020,2.7
158,6/6/2020,2.2
159,6/7/2020,0.7
160,6/8/2020,1.2
161,6/9/2020,1.5
162,6/10/2020,1.5
163,6/11/2020,2.5
164,6/12/2020,2.9
165,6/13/2020,0.9
166,6/14/2020,0.5
167,6/15/2020,1.1
168,6/16/2020,0.9
169,6/17/2020,1.1
170,6/18/2020,2
171,6/19/2020,2.6
172,6/20/2020,2.9
173,6/21/2020,1.1
174,6/22/2020,1.7
175,6/23/2020,2.2
176,6/24/2020,2.5
177,6/25/2020,2.1
178,6/26/2020,2.9
179,6/27/2020,1.8
180,6/28/2020,0.9
181,6/29/2020,1.5
182,6/30/2020,1.8
183,7/1/2020,0.8
184,7/2/2020,1.3
185,7/3/2020,5.7
186,7/4/2020,6
187,7/5/2020,5
188,7/6/2020,4.4
189,7/7/2020,2.3
190,7/8/2020,1.9
191,7/9/2020,2.6
192,7/10/2020,2.1
193,7/11/2020,2.9
194,7/12/2020,2
195,7/13/2020,2.3
196,7/14/2020,2.2
197,7/15/2020,2.8
198,7/16/2020,2.9
199,7/17/2020,2.3
200,7/18/2020,2.6
201,7/19/2020,2.9
202,7/20/2020,3.5
203,7/21/2020,3.9
204,7/22/2020,3.1
205,7/23/2020,1.8
206,7/24/2020,1.8
207,7/25/2020,2.6
208,7/26/2020,2.9
209,7/27/2020,3.6
210,7/28/2020,5.5
211,7/29/2020,5.7
212,7/30/2020,6.9
213,7/31/2020,8.2
214,8/1/2020,4.6
215,8/2/2020,3.4
216,8/3/2020,2.3
217,8/4/2020,4.5
218,8/5/2020,5.1
219,8/6/2020,3.7
220,8/7/2020,2.6
221,8/8/2020,2.7
222,8/9/2020,2.1
223,8/10/2020,3.4
224,8/11/2020,3.6
225,8/12/2020,3.1
226,8/13/2020,6.4
227,8/14/2020,7.1
228,8/15/2020,4.7
229,8/16/2020,3.9
230,8/17/2020,5.5
231,8/18/2020,5.2
232,8/19/2020,5.6
233,8/20/2020,5
234,8/21/2020,5.8
235,8/22/2020,2
236,8/23/2020,5
237,8/24/2020,9.8
238,8/25/2020,17.3
239,8/26/2020,12.4
240,8/27/2020,4.7
241,8/28/2020,6.3
242,8/29/2020,6.4
243,8/30/2020,2.1
244,8/31/2020,1.9
245,9/1/2020,3.8
246,9/2/2020,8.7
247,9/3/2020,3.2
248,9/4/2020,6.1
249,9/5/2020,8.4
250,9/6/2020,8.7
251,9/7/2020,2.6
252,9/8/2020,2.4
253,9/9/2020,3.9
254,9/10/2020,10.2
255,9/11/2020,16.2
263,9/19/2020,12.2
264,9/20/2020,4.7
265,9/21/2020,8.2
266,9/22/2020,9
267,9/23/2020,12.5
268,9/24/2020,1.5
269,9/25/2020,2.1
270,9/26/2020,1.2
271,9/27/2020,1.6
272,9/28/2020,1.8
273,9/29/2020,5
274,9/30/2020,7.2
275,10/1/2020,4.8
276,10/2/2020,6.8
277,10/3/2020,10.7
278,10/4/2020,8.3
279,10/5/2020,7.2
280,10/6/2020,8.5
281,10/7/2020,5.9
282,10/8/2020,9
283,10/9/2020,7.2
284,10/10/2020,7.4
285,10/11/2020,1.2
286,10/12/2020,1.2
287,10/13/2020,1.9
288,10/14/2020,2
289,10/15/2020,2.5
290,10/16/2020,1.9
291,10/17/2020,1.8
292,10/18/2020,2.5
293,10/19/2020,1.3
294,10/20/2020,2.3
295,10/21/2020,3
296,10/22/2020,6.9
297,10/23/2020,6.1
298,10/24/2020,4.5
299,10/25/2020,4.3
300,10/26/2020,5.7
301,10/27/2020,6.1
302,10/28/2020,6.9
303,10/29/2020,8.1
304,10/30/2020,5.2
305,10/31/2020,4.3
306,11/1/2020,4.1
307,11/2/2020,4.4
308,11/3/2020,6.7
309,11/4/2020,6.9
310,11/5/2020,3.9
311,11/6/2020,4.2
312,11/7/2020,5
313,11/8/2020,2.2
314,11/9/2020,3.5
315,11/10/2020,3
316,11/11/2020,5.4
317,11/12/2020,3.7
318,11/13/2020,2.4
319,11/14/2020,1.7
320,11/15/2020,1.6
321,11/16/2020,3.1
322,11/17/2020,2.3
323,11/18/2020,1.6
324,11/19/2020,1.1
325,11/20/2020,3
326,11/21/2020,4.3
327,11/22/2020,4.6
328,11/23/2020,5.2
329,11/24/2020,4.9
330,11/25/2020,2.2
331,11/26/2020,2.9
332,11/27/2020,1.9
333,11/28/2020,2.6
334,11/29/2020,2.3
335,11/30/2020,2.1
336,12/1/2020,2.6
337,12/2/2020,2.4
338,12/3/2020,3.1
339,12/4/2020,3.3
340,12/5/2020,3
341,12/6/2020,6
342,12/7/2020,4.5
343,12/10/2020,3.5
344,12/11/2020,3.9
345,12/12/2020,5
346,12/13/2020,2.3
347,12/14/2020,3.3
348,12/15/2020,1.9
349,12/16/2020,1.5
350,12/17/2020,1.3
351,12/18/2020,1.9
352,12/19/2020,0.9
353,12/20/2020,1.1
354,12/21/2020,1.4
355,12/22/2020,1.4
356,12/23/2020,1.5
357,12/24/2020,1.7
358,12/25/2020,2
359,12/26/2020,2
360,12/27/2020,1.9
361,12/28/2020,1.8
362,12/29/2020,2.9
363,12/30/2020,2.1
364,12/31/2020,2.5
365,1/23/2020,0.6
366,1/24/2020,0.9
367,1/25/2020,1.5
368,1/26/2020,2.7
369,1/27/2020,1.9
370,1/28/2020,2.2
371,1/29/2020,0.9
372,1/30/2020,1.2
373,1/31/2020,1.7
374,2/1/2020,1.4
375,2/2/2020,2.2
376,2/3/2020,2.3
377,2/4/2020,-0.2
378,2/5/2020,1.3
379,2/6/2020,0.7
380,2/7/2020,-0.1
381,2/8/2020,1.4
382,2/9/2020,1.4
383,2/10/2020,2.2
384,2/11/2020,2
385,2/12/2020,1.7
386,2/13/2020,0.4
387,2/14/2020,0
388,2/15/2020,2
389,2/16/2020,1.5
390,2/17/2020,0.2
391,2/18/2020,1
392,2/19/2020,0.4
393,2/20/2020,1
394,2/21/2020,1.9
395,2/22/2020,3.1
396,2/23/2020,4.4
397,2/24/2020,1.4
398,2/25/2020,3.9
399,2/26/2020,3.7
400,2/27/2020,2.9
401,2/28/2020,1.9
402,2/29/2020,0.7
403,3/1/2020,2
404,3/2/2020,2.2
405,3/3/2020,0.9
406,3/4/2020,2.2
407,3/5/2020,3.5
408,3/6/2020,5.5
409,3/7/2020,2.7
410,3/8/2020,0.7
411,3/9/2020,1.4
412,1/1/2020,1.6
413,1/2/2020,1.9
414,1/3/2020,1.6
415,1/4/2020,2.3
416,1/5/2020,1.9
417,1/6/2020,1.2
418,1/7/2020,1.3
419,1/8/2020,1.6
420,1/9/2020,3.4
421,1/10/2020,2.1
422,1/11/2020,1.7
423,1/12/2020,1.2
424,1/13/2020,2.1
425,1/14/2020,5.5
426,1/15/2020,2.8
427,1/16/2020,4.6
428,1/17/2020,5.5
429,1/18/2020,2.2
430,1/19/2020,1.7
431,1/20/2020,2.3
432,1/21/2020,2.7
433,1/22/2020,1.5
434,1/23/2020,1.4
435,1/24/2020,1.8
436,1/25/2020,2.2
437,1/26/2020,3.8
438,1/27/2020,1.9
439,1/28/2020,2.5
440,1/29/2020,3.1
441,1/30/2020,3.1
442,1/31/2020,1.8
443,2/1/2020,1.6
444,2/2/2020,2
445,2/3/2020,2.3
446,2/4/2020,2.3
447,2/5/2020,1.6
448,2/6/2020,2.1
449,2/7/2020,2.5
450,2/8/2020,1.4
451,2/9/2020,2.4
452,2/10/2020,2.6
453,2/11/2020,2.5
454,2/12/2020,2.1
455,2/13/2020,2.5
456,2/14/2020,1.9
457,2/15/2020,1.4
458,2/16/2020,1.9
459,2/17/2020,1.9
460,2/18/2020,2
461,2/19/2020,2.3
462,2/20/2020,2.6
463,2/21/2020,3.5
464,2/22/2020,5.4
465,2/23/2020,3.1
466,2/24/2020,3.3
467,2/25/2020,3
468,2/26/2020,3.4
469,2/27/2020,3.3
470,2/28/2020,3
471,2/29/2020,2
472,3/1/2020,2.5
473,3/2/2020,2.9
474,3/3/2020,2.2
475,3/4/2020,2.6
476,3/5/2020,3.1
477,3/6/2020,3.8
478,3/7/2020,2.3
479,3/8/2020,1.7
480,3/9/2020,2.5
481,3/10/2020,2.7
482,3/11/2020,2.5
483,3/12/2020,2.4
484,3/13/2020,3.1
485,3/14/2020,3.7
486,3/15/2020,3.8
487,3/16/2020,5.9
488,3/17/2020,6.9
489,3/18/2020,7.4
490,3/19/2020,7.3
491,3/20/2020,6.5
492,3/21/2020,5.3
493,3/22/2020,4.7
494,3/23/2020,3.4
495,3/24/2020,2
496,3/25/2020,2.6
497,3/26/2020,3
498,3/27/2020,4.6
499,3/28/2020,1.7
500,3/29/2020,1.6
501,3/30/2020,1.6
502,3/31/2020,1.5
503,4/1/2020,2.1
504,4/2/2020,2.6
505,4/3/2020,2.6
506,4/4/2020,2.2
507,4/5/2020,2.9
508,4/6/2020,3.4
509,4/7/2020,4.6
510,4/8/2020,4.7
511,4/9/2020,4.4
512,4/10/2020,4.4
513,4/11/2020,3.5
514,4/12/2020,3
515,4/13/2020,3.9
516,4/14/2020,3.8
517,4/15/2020,2.4
518,4/16/2020,2.6
519,4/17/2020,3.4
520,4/18/2020,4
521,4/19/2020,2.9
522,4/20/2020,3.5
523,4/21/2020,3.8
524,4/22/2020,3.4
525,4/23/2020,2.5
526,4/24/2020,2.7
527,4/25/2020,3.1
528,4/26/2020,3.6
529,4/27/2020,3.3
530,4/28/2020,2.6
531,4/29/2020,3
532,4/30/2020,2.1
533,5/1/2020,2.4
534,5/2/2020,3.3
535,5/3/2020,1.7
536,5/4/2020,2.3
537,5/5/2020,2.8
538,5/6/2020,2.3
539,5/7/2020,1.7
540,5/8/2020,1.8
541,5/9/2020,2
542,5/10/2020,2.7
543,5/11/2020,3.5
544,5/12/2020,3
545,5/13/2020,1.3
546,5/14/2020,1.3
547,5/15/2020,1.4
548,5/16/2020,1.8
549,5/17/2020,1.9
550,5/18/2020,2.2
551,5/19/2020,2.8
552,5/20/2020,2.1
553,5/21/2020,1.6
554,5/22/2020,1.3
555,5/23/2020,1.5
556,5/24/2020,1.8
557,5/25/2020,2.6
558,5/26/2020,1.7
559,5/27/2020,2.5
560,5/28/2020,3.4
561,5/29/2020,4.5
562,5/30/2020,5.4
563,5/31/2020,1.8
564,6/1/2020,2.6
565,6/2/2020,2.8
566,6/3/2020,2.1
567,6/4/2020,3.1
568,6/5/2020,3.8
569,6/6/2020,3
570,6/7/2020,1.6
571,6/8/2020,2.3
572,6/9/2020,2.3
573,6/10/2020,1.7
574,6/11/2020,3
575,6/12/2020,4
576,6/13/2020,1.6
577,6/14/2020,1.1
578,6/15/2020,1.6
579,6/16/2020,1.5
580,6/17/2020,2
581,6/18/2020,2.7
582,6/19/2020,3
583,6/20/2020,2.9
584,6/21/2020,1.6
585,6/22/2020,2.1
586,6/23/2020,2.7
587,6/24/2020,3.3
588,6/25/2020,3.2
589,6/26/2020,3.8
590,6/27/2020,2.8
591,6/28/2020,1.6
592,6/29/2020,2.1
593,6/30/2020,3.2
594,7/1/2020,1.7
595,7/2/2020,3.3
596,7/3/2020,8.2
597,7/4/2020,6
598,7/5/2020,6
599,7/6/2020,5.7
600,7/7/2020,3.3
601,7/8/2020,3
602,7/9/2020,3.4
603,7/10/2020,2.7
604,7/11/2020,4.1
605,7/12/2020,3
606,7/13/2020,3.1
607,7/14/2020,2.9
608,7/15/2020,3.1
609,7/16/2020,3.2
610,7/17/2020,3.1
611,7/18/2020,3.1
612,7/19/2020,3.6
613,7/20/2020,4
614,7/21/2020,4.4
615,7/22/2020,3.4
616,7/23/2020,2.7
617,7/24/2020,3.2
618,7/25/2020,3.8
619,7/26/2020,3.5
620,7/27/2020,4.6
621,7/28/2020,6.6
622,7/29/2020,6.7
623,7/30/2020,9.1
624,7/31/2020,10
625,8/1/2020,5.8
626,8/2/2020,4.3
627,8/3/2020,4.7
628,8/4/2020,6.6
629,8/5/2020,6.8
630,8/6/2020,5.2
631,8/7/2020,2.7
632,8/8/2020,3.1
633,8/9/2020,2.1
634,8/10/2020,3
635,8/11/2020,5
636,8/12/2020,4.2
637,8/13/2020,9.6
638,8/14/2020,8.7
639,8/15/2020,5.9
640,8/16/2020,5.2
641,8/17/2020,5.7
642,8/18/2020,6.3
643,8/19/2020,4.3
644,8/20/2020,3.8
645,8/21/2020,6.3
646,8/22/2020,1.7
647,8/23/2020,5.2
648,8/24/2020,8.9
649,8/25/2020,6.6
650,8/26/2020,5.5
651,8/27/2020,4.1
652,8/28/2020,6.5
653,8/29/2020,6.7
654,8/30/2020,2.7
655,8/31/2020,2.2
656,9/1/2020,4.5
657,9/2/2020,7
658,9/3/2020,2.3
659,9/4/2020,6.6
660,9/5/2020,9.3
661,9/6/2020,8.6
662,9/7/2020,6.5
663,9/8/2020,10.4
664,9/9/2020,7.5
665,9/10/2020,11.1
674,9/19/2020,12.1
675,9/20/2020,6.5
676,9/21/2020,10.2
677,9/22/2020,12
678,9/23/2020,15
679,9/24/2020,3.4
680,9/25/2020,3.5
681,9/26/2020,2
682,9/27/2020,1.9
683,9/28/2020,2.4
684,9/29/2020,3.7
685,9/30/2020,7
686,10/1/2020,6.3
687,10/2/2020,7.1
688,10/3/2020,9.1
689,10/4/2020,8.2
690,10/5/2020,10.9
691,10/6/2020,7.8
692,10/7/2020,6.9
693,10/8/2020,12.1
694,10/9/2020,6.7
695,10/10/2020,7.2
696,10/11/2020,2.2
697,10/12/2020,2.5
698,10/13/2020,3.4
699,10/14/2020,3.1
700,10/15/2020,2.8
701,10/16/2020,3.8
702,10/17/2020,2.7
703,10/18/2020,4.5
704,10/19/2020,2.1
705,10/20/2020,2.4
706,10/21/2020,2.8
707,10/22/2020,7.1
708,10/23/2020,6.8
709,10/24/2020,5.4
710,10/25/2020,4.1
711,10/26/2020,5.2
712,10/27/2020,6.9
713,10/28/2020,7.1
714,10/29/2020,7.1
715,10/30/2020,5.3
716,10/31/2020,3.7
717,11/1/2020,5.7
718,11/2/2020,6.5
719,11/3/2020,7.4
720,11/4/2020,3.1
721,11/5/2020,1.4
722,11/6/2020,3.9
723,11/7/2020,5.8
724,11/8/2020,2.7
725,11/9/2020,3
726,11/10/2020,3.3
727,11/11/2020,6
728,11/12/2020,3.8
729,11/13/2020,3.2
730,11/14/2020,1.7
731,11/15/2020,1.6
732,11/16/2020,3.2
733,11/17/2020,2.6
734,11/18/2020,1.4
735,11/19/2020,1
736,11/20/2020,2.4
737,11/21/2020,4.7
738,11/22/2020,5.6
739,11/23/2020,10.1
740,11/24/2020,6.8
741,11/25/2020,2
742,11/26/2020,1.1
743,11/27/2020,2.4
744,11/28/2020,2.7
745,11/29/2020,2.7
746,11/30/2020,2.4
747,12/1/2020,2.3
748,12/2/2020,3.5
749,12/3/2020,4.9
750,12/4/2020,5.2
751,12/5/2020,5.6
752,12/6/2020,8.4
753,12/7/2020,9.1
754,12/8/2020,6.7
755,12/9/2020,5.4
756,12/10/2020,2.1
757,12/11/2020,4.3
758,12/12/2020,5.8
759,12/13/2020,2.8
760,12/14/2020,6.1
761,12/15/2020,3.6
762,12/16/2020,1.4
763,12/17/2020,1.2
764,12/18/2020,1.5
765,12/19/2020,0.3
766,12/20/2020,0.1
767,12/21/2020,0.5
768,12/22/2020,0.8
769,12/23/2020,1.2
770,12/24/2020,2.5
771,12/25/2020,2.6
772,12/26/2020,4.4
773,12/27/2020,1.2
774,12/28/2020,3
775,12/29/2020,3.8
776,12/30/2020,1.6
777,12/31/2020,3.4
778,1/1/2020,1.2
779,1/2/2020,1.4
780,1/3/2020,1.5
781,1/4/2020,2.2
782,1/5/2020,1.7
783,1/6/2020,0.9
784,1/7/2020,1.2
785,1/8/2020,1.1
786,1/9/2020,2.2
787,1/10/2020,2.3
788,1/11/2020,1.8
789,1/12/2020,1.1
790,1/13/2020,2.2
791,1/14/2020,4.7
792,1/15/2020,2.3
793,1/16/2020,2.9
794,1/17/2020,5.8
795,1/18/2020,1.6
796,1/19/2020,2.2
797,1/20/2020,3.6
798,1/21/2020,2.1
799,1/22/2020,1.3
800,1/23/2020,0.9
801,1/24/2020,1.3
802,1/25/2020,1.8
803,1/26/2020,3.2
804,1/27/2020,1.6
805,1/28/2020,1.7
806,1/29/2020,2.6
807,1/30/2020,3
808,1/31/2020,1.3
809,2/1/2020,1
810,2/2/2020,2.2
811,2/3/2020,3.3
812,2/4/2020,2.3
813,2/5/2020,1.2
814,2/6/2020,3
815,2/7/2020,1.5
816,2/8/2020,1.5
817,2/9/2020,2.9
818,2/10/2020,2
819,2/11/2020,2.6
820,2/12/2020,2.3
821,2/13/2020,1.9
822,2/14/2020,1.8
823,2/15/2020,1.3
824,2/16/2020,1.4
825,2/17/2020,1.3
826,2/18/2020,2.4
827,2/19/2020,2.8
828,2/20/2020,3
829,2/21/2020,3.7
830,2/22/2020,5.4
831,2/23/2020,3.2
832,2/24/2020,2.5
833,2/25/2020,2.8
834,2/26/2020,2.9
835,2/27/2020,2.8
836,2/28/2020,2.5
837,2/29/2020,1.4
838,3/1/2020,1.8
839,3/2/2020,2.7
840,3/3/2020,1.7
841,3/4/2020,1.7
842,3/5/2020,4.8
843,3/6/2020,4.9
844,3/7/2020,2.1
845,3/8/2020,2
846,3/9/2020,2.3
847,3/10/2020,2.2
848,3/11/2020,2.1
849,3/12/2020,2
850,3/13/2020,2.9
851,3/14/2020,3.5
852,3/15/2020,3.9
853,3/16/2020,3.8
854,3/17/2020,6.5
855,3/18/2020,7
856,3/19/2020,6.9
857,3/20/2020,7.1
858,3/21/2020,5.7
859,3/22/2020,4.1
860,3/23/2020,3.4
861,3/24/2020,1.9
862,3/25/2020,2.3
863,3/26/2020,3.2
864,3/27/2020,5.1
865,3/28/2020,1.7
866,3/29/2020,1.6
867,3/30/2020,1.5
868,3/31/2020,1.4
869,4/1/2020,2.3
870,4/2/2020,3
871,4/3/2020,2.7
872,4/4/2020,3.3
873,4/5/2020,3.3
874,4/6/2020,3.5
875,4/7/2020,4.7
876,4/8/2020,6.1
877,4/9/2020,6.1
878,4/10/2020,4.3
879,4/11/2020,3
880,4/12/2020,3.8
881,4/13/2020,4.3
882,4/14/2020,3.6
883,4/15/2020,2.3
884,4/16/2020,3.2
885,4/17/2020,3.6
886,4/18/2020,4.2
887,4/19/2020,3.5
888,4/20/2020,3.9
889,4/21/2020,3.4
890,4/22/2020,3.1
891,4/23/2020,3.7
892,4/24/2020,2.8
893,4/25/2020,2.8
894,4/26/2020,3.5
895,4/27/2020,2.8
896,4/28/2020,2.8
897,4/29/2020,3.1
898,4/30/2020,2.4
899,5/1/2020,2.8
900,5/2/2020,3.9
901,5/3/2020,2.3
902,5/4/2020,4.5
903,5/5/2020,3.9
904,5/6/2020,2.4
905,5/7/2020,2
906,5/8/2020,2.4
907,5/9/2020,2.7
908,5/10/2020,3.2
909,5/11/2020,3.3
910,5/12/2020,3.1
911,5/13/2020,1.6
912,5/14/2020,1.5
913,5/15/2020,2
914,5/16/2020,2.8
915,5/17/2020,2.4
916,5/18/2020,2.4
917,5/19/2020,2.9
918,5/20/2020,2.5
919,5/21/2020,1.8
920,5/22/2020,1.3
921,5/23/2020,1.8
922,5/24/2020,1.9
923,5/25/2020,2.6
924,5/26/2020,2
925,5/27/2020,2.5
926,5/28/2020,4.8
927,5/29/2020,5.2
928,5/30/2020,6.5
929,5/31/2020,2.5
930,6/1/2020,2.5
931,6/2/2020,2.9
932,6/3/2020,2
933,6/4/2020,3.1
934,6/5/2020,4
935,6/6/2020,3.4
936,6/7/2020,1.6
937,6/8/2020,2.2
938,6/9/2020,2.2
939,6/10/2020,1.7
940,6/11/2020,3.3
941,6/12/2020,4.4
942,6/13/2020,2
943,6/14/2020,1.4
944,6/15/2020,2.2
945,6/16/2020,2
946,6/17/2020,3.5
947,6/18/2020,2.8
948,6/19/2020,3.4
949,6/20/2020,3.7
950,6/21/2020,1.9
951,6/22/2020,2.3
952,6/23/2020,2.9
953,6/24/2020,3.6
954,6/25/2020,3.7
955,6/26/2020,4
956,6/27/2020,2.6
957,6/28/2020,2.2
958,6/29/2020,2.7
959,6/30/2020,3.4
960,7/1/2020,1.9
961,7/2/2020,2.2
962,7/3/2020,8.1
963,7/4/2020,7.5
964,7/5/2020,5.5
965,7/6/2020,5.7
966,7/7/2020,3.7
967,7/8/2020,3.1
968,7/9/2020,3.8
969,7/10/2020,2.7
970,7/14/2020,3
971,7/15/2020,3.6
972,7/16/2020,3.5
973,7/17/2020,3.2
974,7/18/2020,3.4
975,7/19/2020,4.2
976,7/20/2020,4.3
977,7/21/2020,4.7
978,7/22/2020,3.9
979,7/23/2020,2.8
980,7/24/2020,2.9
981,7/25/2020,3.9
982,7/26/2020,3.9
983,7/27/2020,4.3
984,7/28/2020,6.6
985,7/29/2020,7
986,7/30/2020,8.6
987,7/31/2020,10.3
988,8/1/2020,6.5
989,8/2/2020,4.9
990,8/3/2020,4.2
991,8/4/2020,6.4
992,8/5/2020,7.1
993,8/6/2020,5.5
994,8/7/2020,3.2
995,8/8/2020,3.8
996,8/9/2020,3
997,8/10/2020,3.9
998,8/11/2020,5
999,8/12/2020,5
1000,8/13/2020,9.3
1001,8/14/2020,8.9
1002,8/15/2020,7.3
1003,8/16/2020,6
1004,8/17/2020,7.1
1005,8/18/2020,6.9
1006,8/19/2020,6.6
1007,8/20/2020,5
1008,8/21/2020,6.7
1009,8/22/2020,3.1
1010,8/23/2020,8.7
1011,8/24/2020,12.2
1012,8/25/2020,9.9
1013,8/26/2020,10.1
1014,8/27/2020,6.8
1015,8/28/2020,7.4
1016,8/29/2020,6.6
1017,8/30/2020,3.7
1018,8/31/2020,3.3
1019,9/1/2020,5.2
1020,9/2/2020,4.7
1021,9/3/2020,4.1
1022,9/4/2020,7
1023,9/5/2020,10.9
1024,9/6/2020,8.2
1025,9/9/2020,9.5
1026,9/10/2020,10.9
1035,9/19/2020,15.2
1036,9/20/2020,6.5
1037,9/21/2020,10
1038,9/22/2020,11.9
1039,9/23/2020,15.9
1040,9/24/2020,3.7
1041,9/25/2020,4.1
1042,9/26/2020,2.7
1043,9/27/2020,2.4
1044,9/28/2020,3.5
1045,9/29/2020,4.9
1046,9/30/2020,5.7
1047,10/1/2020,6
1048,10/2/2020,7.9
1049,10/3/2020,11.7
1050,10/4/2020,10.4
1051,10/5/2020,9.7
1052,10/6/2020,9.5
1053,10/7/2020,8
1054,10/8/2020,11.4
1055,10/9/2020,10.6
1056,10/10/2020,8.1
1057,10/11/2020,2.5
1058,10/12/2020,2.6
1059,10/13/2020,3.4
1060,10/14/2020,3.2
1061,10/15/2020,2.3
1062,10/16/2020,3
1063,10/17/2020,3
1064,10/18/2020,4.4
1065,10/19/2020,1.6
1066,10/20/2020,1.8
1067,10/21/2020,4.4
1068,10/22/2020,7.2
1069,10/23/2020,10.3
1070,10/24/2020,5.8
1071,10/25/2020,6.3
1072,10/26/2020,8.4
1073,10/27/2020,7.6
1074,10/28/2020,7.3
1075,10/29/2020,7.1
1076,10/30/2020,5.9
1077,10/31/2020,7.2
1078,11/3/2020,8.6
1079,11/4/2020,4.2
1080,11/5/2020,2.6
1081,11/6/2020,7.5
1082,11/11/2020,6.8
1083,11/12/2020,5.3
1084,11/13/2020,3.5
1085,11/14/2020,2.4
1086,11/15/2020,2
1087,11/16/2020,4.2
1088,11/17/2020,2.6
1089,11/18/2020,1.7
1090,11/19/2020,1.4
1091,11/20/2020,4.8
1092,11/21/2020,6
1093,11/22/2020,6.2
1094,11/23/2020,7.7
1095,11/24/2020,5.9
1096,11/25/2020,3.5
1097,11/26/2020,2.4
1098,11/27/2020,1.8
1099,11/28/2020,3.1
1100,11/29/2020,6.9
1101,11/30/2020,2.5
1102,12/1/2020,4.6
1103,12/2/2020,6.4
1104,12/3/2020,8.1
1105,12/4/2020,8
1106,12/5/2020,7.9
1107,12/6/2020,5.7
1108,12/7/2020,7.2
1109,12/8/2020,4.7
1110,12/9/2020,6.7
1111,12/10/2020,5.2
1112,12/11/2020,3.4
1113,12/12/2020,7.2
1114,12/13/2020,1.7
1115,12/14/2020,3.5
1116,12/15/2020,2.7
1117,12/16/2020,2
1118,12/17/2020,1.4
1119,12/18/2020,1.9
1120,12/19/2020,0.8
1121,12/20/2020,0.8
1122,12/21/2020,1.1
1123,12/22/2020,1.6
1124,12/23/2020,2.7
1125,12/24/2020,5.7
1126,12/25/2020,5
1127,12/26/2020,3.1
1128,12/27/2020,3.6
1129,12/28/2020,3.3
1130,12/29/2020,2.9
1131,12/30/2020,1.4
1132,12/31/2020,2.7
